﻿<Root ITag="50400" GGuid="800C3B4F7C5D4E1DB0A1095A568ADCD5" SName="工程库">
    <KNode ITag="50401" GGuid="3EDFF945B7C64171869FF665D9BB7159" SName="工程库">
        <KNode ITag="50402" GGuid="405924B7C0D8415DB24649BC72899B74" SName="导线耐张" S标记="0">
            <KNode ITag="50403" GGuid="DB0A503EF9D4491B8AF557AC5A457BA6" DDownFittingLength="200.000000" IFittingFoldNum="15" DFittingLength="300.000000" DFittingWeight="500.000000" IHPtNum="2" DInsulLength="210.000000" IInsulLinkNum="2" SInsulStrType="导线耐张" DInsulWeight="5.000000" SMaterial="瓷" SModel="绝缘子串" IPieceNum="36" SShowName="N" DSuitSectionArea="0.000000" DTonnage="0.000000" DUpFittingLength="100.000000" SVoltageLevel="500" DWholeLength="7860.000000" DWholeWeight="860.000000">
                <KNode ITag="50406" GGuid="E4106FE71F6E4B9582CC4C69A37651B7">
                    <KNode ITag="50407" GGuid="424C7F7C817B42D3A1AA85B1F7EAEEEA" />
                </KNode>
                <KNode ITag="50404" GGuid="20A73AB5A41A4EB480E6634B1F77C21E" />
                <KNode ITag="50203" GGuid="05F178B88E2B4C3F9CA278D9C57124C8">
                    <KNode ITag="50204" GGuid="810DBABAC9404EA7A001C960810321D6" SHangingPtName="挂点1" SHangingPtType="导线挂点">
                        <KNode ITag="50205" GGuid="445A4C2274344ECA93C2C5E2FFF1D63B" PHangingPtPos="-0.1575,0.2129832,-8.525959075" />
                        <KNode ITag="50205" GGuid="A41CF9ED70AA4929AD4225FA901B35B2" PHangingPtPos="-0.1575,0.282461625,-8.4250126" />
                    </KNode>
                    <KNode ITag="50204" GGuid="8738AC10299E4044992A05429006479D" SHangingPtName="挂点2" SHangingPtType="导线挂点">
                        <KNode ITag="50205" GGuid="DD3765CBF9314019B81D37A0F5C729EF" PHangingPtPos="-0.1575,-0.2129832,-9.1741682125" />
                        <KNode ITag="50205" GGuid="180EBED25C614610A52998AEB861DBE2" PHangingPtPos="-0.1575,-0.143504775,-9.0662626" />
                    </KNode>
                    <KNode ITag="50204" GGuid="C06ADF7D7BE84332A340045DD19E3B4B" SHangingPtName="挂点3" SHangingPtType="导线挂点">
                        <KNode ITag="50205" GGuid="760D6398ADD94F75BBC2491D0E33610A" PHangingPtPos="0.1575,-0.2129832,-9.1741682125" />
                        <KNode ITag="50205" GGuid="76CDFEFBEA574CFA9EF91479ADD46929" PHangingPtPos="0.1575,-0.143504775,-9.0662626" />
                    </KNode>
                    <KNode ITag="50204" GGuid="9CB6110CB5064089B02E23086511653D" SHangingPtName="挂点4" SHangingPtType="导线挂点">
                        <KNode ITag="50205" GGuid="0494D32DC92C475780CDD76340E57617" PHangingPtPos="0.1575,0.2129832,-8.525959075" />
                        <KNode ITag="50205" GGuid="6191C55137FA4C599D30AF4E9D44D3CA" PHangingPtPos="0.1575,0.282461625,-8.4250126" />
                    </KNode>
                </KNode>
                <KNode ITag="50200" GGuid="C7E03825373747F499CC5C3D083FCC67" />
                <KNode ITag="50201" GGuid="C892DD3B1CD64D6C8240D14A1CBCD830">
                    <KNode ITag="50209" GGuid="1B5CC146F4E941DC804FDF70CE128BF1" SStoragePath="[LibFilePath]导线耐张\绝缘子串\模型管理\绝缘子串.osg" S删除="删除" S名称="绝缘子串" B是否参数构建="1" I状态="1" />
                </KNode>
            </KNode>
        </KNode>
        <KNode ITag="50402" GGuid="D98C629DA3D14CAA8274AAF5034857F6" SName="导线I串" S标记="0" />
        <KNode ITag="50402" GGuid="89EC938FF3A6495D83FF5B9404674ADF" SName="导线V串" S标记="1" />
        <KNode ITag="50402" GGuid="5BFF94B40875455A9603B7639BEF7DA5" SName="导线L串" S标记="2" />
        <KNode ITag="50402" GGuid="F99A16D17C1641CAB5CC4EF22BE601AB" SName="跳线I串" S标记="0" />
        <KNode ITag="50402" GGuid="92AD92310466443BB843E864370FAC08" SName="硬跳I串" S标记="0" />
        <KNode ITag="50402" GGuid="4D426E66F98D43A8AC96F13141F19B23" SName="硬跳V串" S标记="3" />
        <KNode ITag="50402" GGuid="65A8AB4C8B374150B29B0489FDF9D6F3" SName="斜拉杆硬跳" S标记="4" />
        <KNode ITag="50402" GGuid="F617DCA392B34EF6B81D5C2762659F35" SName="地线耐张" S标记="0" />
        <KNode ITag="50402" GGuid="787F6C7DA27A49989C8028BBD11118F1" SName="地线悬垂" S标记="0" />
    </KNode>
</Root>
