﻿<Root ITag="50600" GGuid="445D97FC6ED1407A8569D89012B3037A" SName="工程库">
    <KNode ITag="50601" GGuid="AE5FAD36FF574D9FB17347BBFD4DFB3F" SName="气象区名称">
        <KNode ITag="50602" GGuid="D72558DDFAD64A63ADF7ED21D577A083" SName="气象区1">
            <KNode ITag="50603" GGuid="2246A23D53D146AD8AA26FFB25727541" SIceThickness="0" STemperature="50" SWindSpeed="0" SWorkConditionName="最高温度" />
            <KNode ITag="50603" GGuid="8BD4C5E7458244E9AB87D396B68C2E4D" SIceThickness="0" STemperature="-40" SWindSpeed="0" SWorkConditionName="最低温度" />
            <KNode ITag="50603" GGuid="4E48B3A1FE7A436F8EED4A863F4E9843" SIceThickness="0" STemperature="-15" SWindSpeed="10" SWorkConditionName="安装工况" />
            <KNode ITag="50603" GGuid="1D6C58E782FA44E48DEF42A26C656E17" SIceThickness="0" STemperature="15" SWindSpeed="15" SWorkConditionName="外过电压" />
            <KNode ITag="50603" GGuid="20B250C4D13A421A9F02D5993C8287B5" SIceThickness="0" STemperature="0" SWindSpeed="18" SWorkConditionName="内过电压" />
            <KNode ITag="50603" GGuid="F8B9E62D5D884DA18C4111D729EE112A" SIceThickness="0" STemperature="-5" SWindSpeed="33" SWorkConditionName="最大风速" />
            <KNode ITag="50603" GGuid="6890E4337F0F4A8DA322FE9565D1701E" SIceThickness="10" STemperature="-10" SWindSpeed="10" SWorkConditionName="最大覆冰" />
            <KNode ITag="50603" GGuid="545E9C966F804F5AA4A0B0D1069177A1" SIceThickness="0" STemperature="0" SWindSpeed="0" SWorkConditionName="年平均" />
        </KNode>
    </KNode>
</Root>
