﻿<Root ITag="50550" GGuid="74C7FD71B83C43379DC6C00E8464CF62" SName="工程库">
    <KNode ITag="50551" GGuid="EB5437193BB84D7FA1BDDFE331946C4D" SName="工程库">
        <KNode ITag="50552" GGuid="F27D996FB7184BDFA9BAFBEB21914325" SName="国网" SType="国网">
            <KNode ITag="50553" GGuid="3D971CB1F9D44BBB8E656CD11F4A7BA5" SName="导线" SType="导线">
                <KNode ITag="50554" GGuid="9C3E94FEAF404CA9A97D42A06810B51E" SName="钢芯铝绞线" SType="钢芯铝绞线" S标记="0">
                    <KNode ITag="50555" GGuid="BB4B582DE69E42258AA687B1E604B977" SDCResistor="0.1181" SExternalDiameter="21.6" SLineCoefficient="19.6" SLineDiameterG="2.4" SLineDiameterL="3.6" SLineNumberG="7" SLineNumberL="24" SModelSpecification="JL/G1A-240/30" SModulusElasticity="73" SRatedBreakingForce="75190" SSectionAreaG="31.67" SSectionAreaL="244.29" SSectionAreaTotal="275.96" SUnitLengthMass="920.7" S序号="1" />
                    <KNode ITag="50555" GGuid="B03CD96F7FC44969816904E3DE861D06" SDCResistor="0.1209" SExternalDiameter="21.7" SLineCoefficient="18.9" SLineDiameterG="2.66" SLineDiameterL="3.42" SLineNumberG="7" SLineNumberL="26" SModelSpecification="JL/G1A-240/40" SModulusElasticity="76" SRatedBreakingForce="83760" SSectionAreaG="38.9" SSectionAreaL="238.84" SSectionAreaTotal="277.74" SUnitLengthMass="962.8" S序号="2" />
                    <KNode ITag="50555" GGuid="675C24A489304DFB8826E94BB1680521" SDCResistor="0.0944" SExternalDiameter="23.8" SLineCoefficient="20.5" SLineDiameterG="2.22" SLineDiameterL="2.85" SLineNumberG="7" SLineNumberL="48" SModelSpecification="JL/G1A-300/25" SModulusElasticity="65" SRatedBreakingForce="83760" SSectionAreaG="27.1" SSectionAreaL="306.21" SSectionAreaTotal="333.31" SUnitLengthMass="1057" S序号="3" />
                    <KNode ITag="50555" GGuid="DCF39C7D11C54B3F9C0C7AC153B48B0C" SDCResistor="0.0961" SExternalDiameter="23.9" SLineCoefficient="19.6" SLineDiameterG="2.66" SLineDiameterL="3.99" SLineNumberG="7" SLineNumberL="24" SModelSpecification="JL/G1A-300/40" SModulusElasticity="73" SRatedBreakingForce="92360" SSectionAreaG="38.9" SSectionAreaL="300.09" SSectionAreaTotal="338.99" SUnitLengthMass="1131" S序号="4" />
                    <KNode ITag="50555" GGuid="938E50D9B9154E64B541B3B0562AADBF" SDCResistor="0.0964" SExternalDiameter="24.3" SLineCoefficient="18.9" SLineDiameterG="2.98" SLineDiameterL="3.83" SLineNumberG="7" SLineNumberL="26" SModelSpecification="JL/G1A-300/50" SModulusElasticity="76" SRatedBreakingForce="103580" SSectionAreaG="48.82" SSectionAreaL="299.54" SSectionAreaTotal="348.37" SUnitLengthMass="1207.7" S序号="5" />
                    <KNode ITag="50555" GGuid="56D14A4E8A784093813501A7FA3C6095" SDCResistor="0.0739" SExternalDiameter="26.8" SLineCoefficient="20.5" SLineDiameterG="2.5" SLineDiameterL="3.22" SLineNumberG="7" SLineNumberL="48" SModelSpecification="JL/G1A-400/35" SModulusElasticity="65" SRatedBreakingForce="103670" SSectionAreaG="34.36" SSectionAreaL="390.88" SSectionAreaTotal="425.24" SUnitLengthMass="1347.5" S序号="6" />
                    <KNode ITag="50555" GGuid="E562B86B9EFF49FB88104DD27C07055A" SDCResistor="0.0459" SExternalDiameter="33.8" SLineCoefficient="20.9" SLineDiameterG="2.81" SLineDiameterL="4.22" SLineNumberG="7" SLineNumberL="45" SModelSpecification="JL/G1A-630/45" SModulusElasticity="63" SRatedBreakingForce="150450" SSectionAreaG="43.6" SSectionAreaL="630" SSectionAreaTotal="674" SUnitLengthMass="2079.2" S序号="7" />
                    <KNode ITag="50555" GGuid="212809785DD84D398C5013BD03608654" SDCResistor="0.0591" SExternalDiameter="30" SLineCoefficient="20.5" SLineDiameterG="2.8" SLineDiameterL="3.6" SLineNumberG="7" SLineNumberL="48" SModelSpecification="JL/G1A-500/45" SModulusElasticity="65" SRatedBreakingForce="127310" SSectionAreaG="43.1" SSectionAreaL="488.58" SSectionAreaTotal="531.68" SUnitLengthMass="1685.5" S序号="7" />
                </KNode>
                <KNode ITag="50554" GGuid="17306E09910F452E90F29B14CFA69421" SName="钢芯铝合金绞线" SType="钢芯铝合金绞线" S标记="1">
                    <KNode ITag="50555" GGuid="7E771478AAD341D49B51C60AA54E8327" SDCResistor="0.1805" SExternalDiameter="19.1" SLineCoefficient="18.9" SLineDiameterG="2.35" SLineDiameterLHJ="3.02" SLineNumberG="7" SLineNumberLHJ="26" SModelSpecification="JLHA1/G1A-185/30" SModulusElasticity="76" SRatedBreakingForce="94940" SSectionAreaG="30.3" SSectionAreaLHJ="186" SSectionAreaTotal="216" SUnitLengthMass="749.4" S序号="1" />
                    <KNode ITag="50555" GGuid="1BD1C471C4964B8C849EC7757D3583AB" SDCResistor="0.18" SExternalDiameter="19" SLineCoefficient="18.9" SLineDiameterG="2.34" SLineDiameterLHJ="3" SLineNumberG="7" SLineNumberLHJ="26" SModelSpecification="JLHA2/G1A-185/30" SModulusElasticity="76" SRatedBreakingForce="88520" SSectionAreaG="30" SSectionAreaLHJ="184" SSectionAreaTotal="214" SUnitLengthMass="742.3" S序号="2" />
                    <KNode ITag="50555" GGuid="1AB1FC47CB5543B5B6A2601092A36D69" SDCResistor="0.1405" SExternalDiameter="21.7" SLineCoefficient="18.9" SLineDiameterG="2.66" SLineDiameterLHJ="3.42" SLineNumberG="7" SLineNumberLHJ="26" SModelSpecification="JLHA1/G1A-240/40" SModulusElasticity="76" SRatedBreakingForce="121970" SSectionAreaG="38.9" SSectionAreaLHJ="238.84" SSectionAreaTotal="277.74" SUnitLengthMass="962.8" S序号="3" />
                    <KNode ITag="50555" GGuid="E0261EFD22A14FC999B4700B19A0E2D5" SDCResistor="0.1391" SExternalDiameter="21.7" SLineCoefficient="18.9" SLineDiameterG="2.66" SLineDiameterLHJ="3.42" SLineNumberG="7" SLineNumberLHJ="26" SModelSpecification="JLHA2/G1A-240/40" SModulusElasticity="76" SRatedBreakingForce="114810" SSectionAreaG="38.9" SSectionAreaLHJ="238.84" SSectionAreaTotal="277.74" SUnitLengthMass="962.8" S序号="4" />
                </KNode>
                <KNode ITag="50554" GGuid="C05C500E3DFF43F198890C8909109441" SName="铝包钢芯铝绞线" SType="铝包钢芯铝绞线" S标记="2">
                    <KNode ITag="50555" GGuid="F3319F1622D84D588424AD01F1CBB735" SDCResistor="0.1131" SExternalDiameter="21.6" SLineCoefficient="20.6" SLineDiameterL="3.6" SLineDiameterLBG="2.4" SLineNumberL="24" SLineNumberLBG="7" SModelSpecification="JL/LB20A-240/30" SModulusElasticity="69" SRatedBreakingForce="77090" SSectionAreaL="244.29" SSectionAreaLBG="31.67" SSectionAreaTotal="275.96" SUnitLengthMass="883.7" S序号="1" />
                    <KNode ITag="50555" GGuid="8682FCBFF8BC4695BD2E6FBFBE7AB823" SDCResistor="0.0916" SExternalDiameter="23.76" SLineCoefficient="21.2" SLineDiameterL="2.85" SLineDiameterLBG="2.22" SLineNumberL="48" SLineNumberLBG="7" SModelSpecification="JL/LB20A-300/25" SModulusElasticity="66" SRatedBreakingForce="84580" SSectionAreaL="306.21" SSectionAreaLBG="27.1" SSectionAreaTotal="333.31" SUnitLengthMass="1025.5" S序号="2" />
                    <KNode ITag="50555" GGuid="FE4E8D1D83F64FE1B02310DFA0F54CBD" SDCResistor="0.092 11" SExternalDiameter="23.94" SLineCoefficient="20.6" SLineDiameterL="3.99" SLineDiameterLBG="2.66" SLineNumberL="24" SLineNumberLBG="7" SModelSpecification="JL/LB20A-300/40" SModulusElasticity="69" SRatedBreakingForce="94690" SSectionAreaL="300.09" SSectionAreaLBG="38.9" SSectionAreaTotal="338.99" SUnitLengthMass="1085.5" S序号="3" />
                    <KNode ITag="50555" GGuid="5C70240960E94615A1655C8A136EDED4" SDCResistor="0.091 32" SExternalDiameter="24.26" SLineCoefficient="20.1" SLineDiameterL="3.83" SLineDiameterLBG="2.98" SLineNumberL="26" SLineNumberLBG="7" SModelSpecification="JL/LB20A-300/50" SModulusElasticity="71" SRatedBreakingForce="106510" SSectionAreaL="299.54" SSectionAreaLBG="48.82" SSectionAreaTotal="348.36" SUnitLengthMass="1150.2" S序号="4" />
                    <KNode ITag="50555" GGuid="CFEE30E8DD1D49D3A033425A87330DA5" SDCResistor="0.071 77" SExternalDiameter="26.82" SLineCoefficient="21.2" SLineDiameterL="3.22" SLineDiameterLBG="2.5" SLineNumberL="48" SLineNumberLBG="7" SModelSpecification="JL/LB20A-400/35" SModulusElasticity="66" SRatedBreakingForce="105700" SSectionAreaL="390.88" SSectionAreaLBG="34.36" SSectionAreaTotal="425.24" SUnitLengthMass="1307.5" S序号="5" />
                    <KNode ITag="50555" GGuid="F775437803A14BD294B2D47B5C9E6477" SDCResistor="0.069 27" SExternalDiameter="27.63" SLineCoefficient="20.6" SLineDiameterL="3.07" SLineDiameterLBG="3.07" SLineNumberL="54" SLineNumberLBG="7" SModelSpecification="JL/LB20A-400/50" SModulusElasticity="69" SRatedBreakingForce="128100" SSectionAreaL="399.73" SSectionAreaLBG="51.82" SSectionAreaTotal="451.55" SUnitLengthMass="1448.1" S序号="6" />
                    <KNode ITag="50555" GGuid="844C1F7CA1FF43FEBCCC04E5092E9A29" SDCResistor="0.04526" SExternalDiameter="33.6" SLineCoefficient="21.5" SLineDiameterL="4.2" SLineDiameterLBG="2.8" SLineNumberL="45" SLineNumberLBG="7" SModelSpecification="JL/LB20A-630/45" SModulusElasticity="65" SRatedBreakingForce="151500" SSectionAreaL="623.45" SSectionAreaLBG="43.1" SSectionAreaTotal="666.55" SUnitLengthMass="2007.2" S序号="7" />
                    <KNode ITag="50555" GGuid="F0969396298C4D7BB768AD8EB72127A1" SDCResistor="0.04384" SExternalDiameter="34.32" SLineCoefficient="21.2" SLineDiameterL="4.12" SLineDiameterLBG="3.2" SLineNumberL="48" SLineNumberLBG="7" SModelSpecification="JL/LB20A-630/55" SModulusElasticity="66" SRatedBreakingForce="169900" SSectionAreaL="639.92" SSectionAreaLBG="56.3" SSectionAreaTotal="696.22" SUnitLengthMass="2140.8" S序号="8" />
                </KNode>
                <KNode ITag="50554" GGuid="64681D9766CA4447ABE37CD1024C024E" SName="钢芯耐热铝合金绞线" SType="钢芯耐热铝合金绞线" S标记="3" />
                <KNode ITag="50554" GGuid="4A850EA2A41F4EB095255EF076DC61AD" SName="铝合金芯铝绞线" SType="铝合金芯铝绞线" S标记="4" />
                <KNode ITag="50554" GGuid="6E84618E028D4D3C827EF7FD53DB938F" SName="碳纤维复合芯导线" SType="碳纤维复合芯导线" S标记="5">
                    <KNode ITag="50555" GGuid="5D0EBCA9861F4009A92256509728A13A" SDCResistor="0.39896" SExternalDiameter="42.5" SLineCoefficientN="20.9" SLineCoefficientS="2" SLineDiameterJQX="9.5" SLineNumberJQX="1" SLineNumberL="56" SModelSpecification="JL3X/F1A-1250/70" SModulusElasticityN="58" SModulusElasticityS="110" SRatedBreakingForce="2781318" SSectionAreaJQX="70.873325" SSectionAreaL="1250" SSectionAreaTotal="1320.873325" SUnitLengthMass="26.29125" S序号="1" />
                    <KNode ITag="50555" GGuid="E014C5E2A2D54BF8A7E4D826B7D16ABD" SDCResistor="0.39896" SExternalDiameter="42.5" SLineCoefficientN="20.7" SLineCoefficientS="2" SLineDiameterJQX="9.5" SLineNumberJQX="1" SLineNumberL="56" SModelSpecification="JL3X/F2A-1250/70" SModulusElasticityN="58.5" SModulusElasticityS="120" SRatedBreakingForce="3177580" SSectionAreaJQX="70.873325" SSectionAreaL="1250" SSectionAreaTotal="1320.873325" SUnitLengthMass="26.29125" S序号="2" />
                    <KNode ITag="50555" GGuid="7DA53E2E9C58473891961E42CDE1F6DC" SDCResistor="0.39896" SExternalDiameter="47.4" SLineCoefficientN="20.9" SLineCoefficientS="2" SLineDiameterJQX="9.5" SLineNumberJQX="1" SLineNumberL="72" SModelSpecification="JL3/F1A-1270/70" SModulusElasticityN="57.9" SModulusElasticityS="110" SRatedBreakingForce="2824368" SSectionAreaJQX="70.873325" SSectionAreaL="1270.5" SSectionAreaTotal="1341.373325" SUnitLengthMass="26.29125" S序号="3" />
                    <KNode ITag="50555" GGuid="587D71DFBB744195A281F081186D3917" SDCResistor="0.39896" SExternalDiameter="47.4" SLineCoefficientN="20.7" SLineCoefficientS="2" SLineDiameterJQX="9.5" SLineNumberJQX="1" SLineNumberL="72" SModelSpecification="JL3/F2A-1270/70" SModulusElasticityN="58.4" SModulusElasticityS="120" SRatedBreakingForce="3226780" SSectionAreaJQX="70.873325" SSectionAreaL="1270.5" SSectionAreaTotal="1341.373325" SUnitLengthMass="26.29125" S序号="4" />
                    <KNode ITag="50555" GGuid="D2FF708CCAB24260ADD461AE2C7A8DA1" SDCResistor="0.295209" SExternalDiameter="42.8" SLineCoefficientN="20" SLineCoefficientS="2" SLineDiameterJQX="11" SLineNumberJQX="1" SLineNumberL="56" SModelSpecification="JL4RX1/F2B-1250/95" SModulusElasticityN="59.6" SModulusElasticityS="120" SRatedBreakingForce="3233524" SSectionAreaJQX="95.0213" SSectionAreaL="1250" SSectionAreaTotal="1345.0213" SUnitLengthMass="30.4425" S序号="5" />
                    <KNode ITag="50555" GGuid="75D14E1EDE884A5DBAB0911629D76599" SDCResistor="0.270097" SExternalDiameter="46.16" SLineCoefficientN="20.2" SLineCoefficientS="2" SLineDiameterJQX="11.5" SLineNumberJQX="1" SLineNumberL="64" SModelSpecification="JL4RX1/F2B-1460/105" SModulusElasticityN="59.3" SModulusElasticityS="120" SRatedBreakingForce="3759236" SSectionAreaJQX="103.855925" SSectionAreaL="1460" SSectionAreaTotal="1563.855925" SUnitLengthMass="31.82625" S序号="6" />
                </KNode>
            </KNode>
            <KNode ITag="50553" GGuid="CCB7617565284D8391DA80744F4D3FAA" SName="地线" SType="地线">
                <KNode ITag="50554" GGuid="FA0B5A2BC9704625953F7612D93012AA" SName="铝包钢绞线" SType="铝包钢绞线" S标记="6">
                    <KNode ITag="50555" GGuid="F1D048182FDB4A81B10D314793B40737" SExternalDiameter="13" SLineCoefficient="13" SLineDiameter="2.6" SLineNumber="19" SModelSpecification="JLB20A-100" SModulusElasticity="147.2" SRatedBreakingForce="121660" SSectionAreaG="75.66" SSectionAreaL="25.22" SSectionAreaTotal="100.88" SUnitLengthMass="674.1" S序号="1" />
                    <KNode ITag="50555" GGuid="EE4C62919F9F467592D5F97E34B5759C" SExternalDiameter="13" SLineCoefficient="14.5" SLineDiameter="2.6" SLineNumber="19" SModelSpecification="JLB35-100" SModulusElasticity="115.3" SRatedBreakingForce="73540" SSectionAreaG="48.42" SSectionAreaL="52.46" SSectionAreaTotal="100.88" SUnitLengthMass="526.8" S序号="2" />
                    <KNode ITag="50555" GGuid="AC97AB03F1204AD0B3A866962DABA34C" SExternalDiameter="13" SLineCoefficient="15.5" SLineDiameter="2.6" SLineNumber="19" SModelSpecification="JLB40-100" SModulusElasticity="103.6" SRatedBreakingForce="61740" SSectionAreaG="38.33" SSectionAreaL="62.55" SSectionAreaTotal="100.88" SUnitLengthMass="474.6" S序号="3" />
                    <KNode ITag="50555" GGuid="E934538BA7DD44A6914D01DB50F53DF2" SExternalDiameter="14.25" SLineCoefficient="13" SLineDiameter="2.85" SLineNumber="19" SModelSpecification="JLB20A-120" SModulusElasticity="147.2" SRatedBreakingForce="146180" SSectionAreaG="90.91" SSectionAreaL="30.3" SSectionAreaTotal="121.21" SUnitLengthMass="810" S序号="4" />
                    <KNode ITag="50555" GGuid="D6934AEBB753432FB21EF78AF62B3910" SExternalDiameter="14.25" SLineCoefficient="12.9" SLineDiameter="2.85" SLineNumber="19" SModelSpecification="JLB23-120" SModulusElasticity="141.3" SRatedBreakingForce="133090" SSectionAreaG="84.85" SSectionAreaL="36.36" SSectionAreaTotal="121.21" SUnitLengthMass="770.6" S序号="5" />
                </KNode>
                <KNode ITag="50554" GGuid="F874C27DE404416FB5F392BCD4E4F4AC" SName="镀锌钢绞线" SType="镀锌钢绞线" S标记="7">
                    <KNode ITag="50555" GGuid="599F27E70AA145A9B40C370A10D04B4B" SExternalDiameter="7.8" SLineCoefficient="11.5" SLineDiameter="7" SLineNumber="7" SModelSpecification="1×7-7.8-1270-B（GJ-35）" SModulusElasticity="185" SRatedBreakingForce="/" SSectionAreaG="37.17" SSectionAreaL="/" SSectionAreaTotal="37.17" SUnitLengthMass="29.51" S序号="1" />
                    <KNode ITag="50555" GGuid="C4D01DAAFFCB4F549E825E05E77DF68D" SExternalDiameter="9" SLineCoefficient="11.5" SLineDiameter="7" SLineNumber="7" SModelSpecification="1×7-9.0-1270-B（GJ-50）" SModulusElasticity="185" SRatedBreakingForce="/" SSectionAreaG="49.48" SSectionAreaL="/" SSectionAreaTotal="49.48" SUnitLengthMass="41.19" S序号="2" />
                    <KNode ITag="50555" GGuid="0D4493F9CBB84FAF842A4B3BCB588B2C" SExternalDiameter="9" SLineCoefficient="11.5" SLineDiameter="19" SLineNumber="19" SModelSpecification="1×19-9.0-1270-B（GJ-50）" SModulusElasticity="185" SRatedBreakingForce="/" SSectionAreaG="48.35" SSectionAreaL="/" SSectionAreaTotal="48.35" SUnitLengthMass="40.25" S序号="3" />
                    <KNode ITag="50555" GGuid="230E828E6E484F0383F8462CE9980625" SExternalDiameter="11.4" SLineCoefficient="11.5" SLineDiameter="19" SLineNumber="19" SModelSpecification="1×7-11.4-1270-B（GJ-80）" SModulusElasticity="185" SRatedBreakingForce="/" SSectionAreaG="79.39" SSectionAreaL="/" SSectionAreaTotal="79.39" SUnitLengthMass="63.04" S序号="4" />
                </KNode>
                <KNode ITag="50554" GGuid="2102DF1A6A0F4AEFA778E569141C53F7" SName="OPGW" SType="OPGW" S标记="8">
                    <KNode ITag="50555" GGuid="B829FD21562949D2BCF1EDC464E13EC5" SDCResistor="2.1" SLineDiameter="9" SModelSpecification="OPGW-9-40-1" SOpticalFiberNumber="24" SRatedBreakingForce="51000" SSectionAreaTotal="40" SUnitLengthMass="304" S序号="1" S选择="0" />
                    <KNode ITag="50555" GGuid="8E2C8744BB9B4324A3C06425928D99A9" SDCResistor="1.82" SLineDiameter="9.6" SModelSpecification="OPGW-10-50-1" SOpticalFiberNumber="24" SRatedBreakingForce="58000" SSectionAreaTotal="50" SUnitLengthMass="345" S序号="2" S选择="0" />
                    <KNode ITag="50555" GGuid="C0573B01E5E34FFF97CF1F1F8E3115E0" SDCResistor="1.3" SLineDiameter="11.4" SModelSpecification="OPGW-11-70-1" SOpticalFiberNumber="48" SRatedBreakingForce="77000" SSectionAreaTotal="70" SUnitLengthMass="475" S序号="3" S选择="0" />
                    <KNode ITag="50555" GGuid="7627FA687C7E477293FF50ADC34C9B8B" SDCResistor="0.7" SLineDiameter="11.4" SModelSpecification="OPGW-11-70-2" SOpticalFiberNumber="48" SRatedBreakingForce="42000" SSectionAreaTotal="70" SUnitLengthMass="340" S序号="4" S选择="0" />
                    <KNode ITag="50555" GGuid="8485F520C3EC40449C49EDC6D3EE0227" SDCResistor="0.98" SLineDiameter="13.2" SModelSpecification="OPGW-13-90-1" SOpticalFiberNumber="48" SRatedBreakingForce="112000" SSectionAreaTotal="90" SUnitLengthMass="641" S序号="5" S选择="0" />
                    <KNode ITag="50555" GGuid="14D3A3382C5C48EFB54C0D3CB6F6E84C" SDCResistor="0.52" SLineDiameter="13.2" SModelSpecification="OPGW-13-90-2" SOpticalFiberNumber="48" SRatedBreakingForce="57000" SSectionAreaTotal="90" SUnitLengthMass="457" S序号="6" S选择="0" />
                    <KNode ITag="50555" GGuid="11E9DEB7975040AD90474EDD7BA2C15B" SDCResistor="0.93" SLineDiameter="13.2" SModelSpecification="OPGW-13-100-1" SOpticalFiberNumber="24" SRatedBreakingForce="118000" SSectionAreaTotal="100" SUnitLengthMass="674" S序号="7" S选择="0" />
                    <KNode ITag="50555" GGuid="B32BB08966BB4EEB93FA09C9F3C61BE9" SDCResistor="0.49" SLineDiameter="13.2" SModelSpecification="OPGW-13-100-2" SOpticalFiberNumber="24" SRatedBreakingForce="60000" SSectionAreaTotal="100" SUnitLengthMass="479" S序号="8" S选择="0" />
                    <KNode ITag="50555" GGuid="E4530C04693543498D6762600BFCF6FD" SDCResistor="0.83" SLineDiameter="14" SModelSpecification="OPGW-14-110-1" SOpticalFiberNumber="24" SRatedBreakingForce="133000" SSectionAreaTotal="110" SUnitLengthMass="760" S序号="9" S选择="0" />
                    <KNode ITag="50555" GGuid="411D5630EB4E4CECB023281DEEC73697" SDCResistor="0.8" SLineDiameter="14.3" SModelSpecification="OPGW-14-110-2" SOpticalFiberNumber="24" SRatedBreakingForce="140000" SSectionAreaTotal="110" SUnitLengthMass="791" S序号="10" S选择="0" />
                    <KNode ITag="50555" GGuid="23CB5B40C0A445208BE48EA966B19204" SDCResistor="0.4" SLineDiameter="14.1" SModelSpecification="OPGW-14-110-3" SOpticalFiberNumber="24" SRatedBreakingForce="67000" SSectionAreaTotal="37" SUnitLengthMass="473" S序号="11" S选择="0" />
                    <KNode ITag="50555" GGuid="295092427F2340AB91583BCA07D40C59" SDCResistor="0.77" SLineDiameter="14.6" SModelSpecification="OPGW-14.6-120-1" SOpticalFiberNumber="36" SRatedBreakingForce="145000" SSectionAreaTotal="120" SUnitLengthMass="820" S序号="12" S选择="0" />
                    <KNode ITag="50555" GGuid="5EC0674CB61B49A39705CAD62D6FE7BE" SDCResistor="0.55" SLineDiameter="14.6" SModelSpecification="OPGW-14.6-120-2" SOpticalFiberNumber="36" SRatedBreakingForce="95000" SSectionAreaTotal="120" SUnitLengthMass="700" S序号="13" S选择="0" />
                    <KNode ITag="50555" GGuid="4F8568DBA74C4F77BEDADACB90D2208B" SDCResistor="0.42" SLineDiameter="14.6" SModelSpecification="OPGW-14.6-120-3" SOpticalFiberNumber="36" SRatedBreakingForce="74000" SSectionAreaTotal="120" SUnitLengthMass="582" S序号="14" S选择="0" />
                    <KNode ITag="50555" GGuid="3CFF3D78B35343249179E516450E46EC" SDCResistor="0.76" SLineDiameter="15.2" SModelSpecification="OPGW-15-120-1" SOpticalFiberNumber="72" SRatedBreakingForce="147000" SSectionAreaTotal="120" SUnitLengthMass="832" S序号="15" S选择="0" />
                    <KNode ITag="50555" GGuid="D6CA1E71E06D4ACEB999C4CE0E370E04" SDCResistor="0.53" SLineDiameter="15.2" SModelSpecification="OPGW-15-120-2" SOpticalFiberNumber="72" SRatedBreakingForce="96000" SSectionAreaTotal="120" SUnitLengthMass="711" S序号="16" S选择="0" />
                    <KNode ITag="50555" GGuid="6A7C870377E0464AAD8D7222F5DB33C9" SDCResistor="0.4" SLineDiameter="15.2" SModelSpecification="OPGW-15-120-3" SOpticalFiberNumber="72" SRatedBreakingForce="74000" SSectionAreaTotal="120" SUnitLengthMass="591" S序号="17" S选择="0" />
                    <KNode ITag="50555" GGuid="7AE0EDC737F24B6D98CBCAF83224E82E" SDCResistor="0.72" SLineDiameter="15.2" SModelSpecification="OPGW-15-130-1" SOpticalFiberNumber="36" SRatedBreakingForce="155000" SSectionAreaTotal="130" SUnitLengthMass="879" S序号="18" S选择="0" />
                    <KNode ITag="50555" GGuid="7F5EF763EDD0455D933B0FF5ED7572BE" SDCResistor="0.5" SLineDiameter="15.2" SModelSpecification="OPGW-15-130-2" SOpticalFiberNumber="36" SRatedBreakingForce="102000" SSectionAreaTotal="130" SUnitLengthMass="751" S序号="19" S选择="0" />
                    <KNode ITag="50555" GGuid="1B010DFFFAEE4593904BC7B1F86D5015" SDCResistor="0.4" SLineDiameter="15.2" SModelSpecification="OPGW-15-130-3" SOpticalFiberNumber="36" SRatedBreakingForce="79000" SSectionAreaTotal="130" SUnitLengthMass="624" S序号="20" S选择="0" />
                    <KNode ITag="50555" GGuid="F815E2CBAB5A44D18653D1E75C35DEF9" SDCResistor="0.65" SLineDiameter="16.1" SModelSpecification="OPGW-16-140-1" SOpticalFiberNumber="36" SRatedBreakingForce="175000" SSectionAreaTotal="140" SUnitLengthMass="995" S序号="21" S选择="0" />
                    <KNode ITag="50555" GGuid="97222D9B40774D0D9FAEADD7363C72CD" SDCResistor="0.45" SLineDiameter="16.1" SModelSpecification="OPGW-16-140-2" SOpticalFiberNumber="36" SRatedBreakingForce="115000" SSectionAreaTotal="140" SUnitLengthMass="850" S序号="22" S选择="0" />
                    <KNode ITag="50555" GGuid="BA05A19C348848EBB5BBAEBEEEB40234" SDCResistor="0.31" SLineDiameter="16.1" SModelSpecification="OPGW-16-140-3" SOpticalFiberNumber="36" SRatedBreakingForce="86000" SSectionAreaTotal="49" SUnitLengthMass="611" S序号="23" S选择="0" />
                    <KNode ITag="50555" GGuid="35C4A22364EE49F3B71DFE951F30B33D" SDCResistor="0.6" SLineDiameter="16.6" SModelSpecification="OPGW-17-150-1" SOpticalFiberNumber="48" SRatedBreakingForce="182000" SSectionAreaTotal="150" SUnitLengthMass="1055" S序号="24" S选择="0" />
                    <KNode ITag="50555" GGuid="D17E3A9E3ED041F791C4FA745C342364" SDCResistor="0.42" SLineDiameter="16.6" SModelSpecification="OPGW-17-150-2" SOpticalFiberNumber="48" SRatedBreakingForce="122000" SSectionAreaTotal="150" SUnitLengthMass="901" S序号="25" S选择="0" />
                    <KNode ITag="50555" GGuid="F623983ED1EC4A1991EA2092A8044401" SDCResistor="0.33" SLineDiameter="16.6" SModelSpecification="OPGW-17-150-3" SOpticalFiberNumber="48" SRatedBreakingForce="95000" SSectionAreaTotal="150" SUnitLengthMass="747" S序号="26" S选择="0" />
                    <KNode ITag="50555" GGuid="77CDFE7CF4C1423BA0AF7A6B8466B727" SDCResistor="0.64" SLineDiameter="16.6" SModelSpecification="OPGW-17-150-4" SOpticalFiberNumber="72" SRatedBreakingForce="172000" SSectionAreaTotal="150" SUnitLengthMass="998" S序号="27" S选择="0" />
                    <KNode ITag="50555" GGuid="DDE0B352F06F4F6AAA6CE52C4207C07B" SDCResistor="0.45" SLineDiameter="16.6" SModelSpecification="OPGW-17-150-5" SOpticalFiberNumber="72" SRatedBreakingForce="116000" SSectionAreaTotal="150" SUnitLengthMass="853" S序号="28" S选择="0" />
                    <KNode ITag="50555" GGuid="74A82FE483ED48F9A45615238911AD05" SDCResistor="0.54" SLineDiameter="17.6" SModelSpecification="OPGW-18-170-1" SOpticalFiberNumber="48" SRatedBreakingForce="198000" SSectionAreaTotal="170" SUnitLengthMass="1190" S序号="29" S选择="0" />
                    <KNode ITag="50555" GGuid="DAFED85A5E5D4051BF01183F0C7FC038" SDCResistor="0.54" SLineDiameter="18.2" SModelSpecification="OPGW-18-170-2" SOpticalFiberNumber="72" SRatedBreakingForce="199000" SSectionAreaTotal="170" SUnitLengthMass="1187" S序号="30" S选择="0" />
                    <KNode ITag="50555" GGuid="612DED8CDB7A47EA9796B9A64F8447D2" SDCResistor="0.72" SLineDiameter="18.2" SModelSpecification="OPGW-18-180-1" SOpticalFiberNumber="48" SRatedBreakingForce="252000" SSectionAreaTotal="180" SUnitLengthMass="1372" S序号="31" S选择="0" />
                    <KNode ITag="50555" GGuid="B250048B9F7A44389D64AFC9CD25BC67" SDCResistor="0.5" SLineDiameter="18.2" SModelSpecification="OPGW-18-180-2" SOpticalFiberNumber="48" SRatedBreakingForce="211000" SSectionAreaTotal="180" SUnitLengthMass="1255" S序号="32" S选择="0" />
                    <KNode ITag="50555" GGuid="6E0C588505F543328BE88C550F84850B" SDCResistor="0.35" SLineDiameter="18.2" SModelSpecification="OPGW-18-180-3" SOpticalFiberNumber="48" SRatedBreakingForce="147000" SSectionAreaTotal="180" SUnitLengthMass="1071" S序号="33" S选择="0" />
                    <KNode ITag="50555" GGuid="767A53DCD1BE4B19821BE37A615BD850" SDCResistor="0.28" SLineDiameter="18.2" SModelSpecification="OPGW-18-180-4" SOpticalFiberNumber="48" SRatedBreakingForce="113000" SSectionAreaTotal="180" SUnitLengthMass="888" S序号="34" S选择="0" />
                </KNode>
            </KNode>
        </KNode>
        <KNode ITag="50552" GGuid="0755A21D9DCE4B69AE4AF36B059D271D" SName="南网" SType="南网">
            <KNode ITag="50553" GGuid="20F602B978AA412E86B745EA4D7308A5" SName="导线" SType="导线">
                <KNode ITag="50554" GGuid="4679FB9FA9054BAB8481CDCD1E4CE391" SName="钢芯铝绞线" SType="钢芯铝绞线" S标记="0">
                    <KNode ITag="50555" GGuid="0D315DC886A24893905878F0912E152B" SDCResistor="0.5946" SExternalDiameter="9.6" SLineCoefficient="19.1" SLineDiameterG="3.2" SLineDiameterL="3.2" SLineNumberG="1" SLineNumberL="6" SModelSpecification="JL/G1A-50/8" SModulusElasticity="79" SRatedBreakingForce="16810" SSectionAreaG="8.04" SSectionAreaL="48.25" SSectionAreaTotal="56.3" SUnitLengthMass="194.8" S序号="1" />
                    <KNode ITag="50555" GGuid="33B6079337554A16ABD6CB6E3FC6CBA2" SDCResistor="0.4217" SExternalDiameter="11.4" SLineCoefficient="19.1" SLineDiameterG="3.8" SLineDiameterL="3.8" SLineNumberG="1" SLineNumberL="6" SModelSpecification="JL/G1A-70/10" SModulusElasticity="79" SRatedBreakingForce="23360" SSectionAreaG="11.34" SSectionAreaL="68.05" SSectionAreaTotal="79.39" SUnitLengthMass="274.8" S序号="2" />
                    <KNode ITag="50555" GGuid="31D248787BED4B6D85AA251158EDF4B6" SDCResistor="0.3059" SExternalDiameter="13.6" SLineCoefficient="18.9" SLineDiameterG="1.67" SLineDiameterL="2.15" SLineNumberG="7" SLineNumberL="26" SModelSpecification="JL/G1A-95/15" SModulusElasticity="76" SRatedBreakingForce="34930" SSectionAreaG="15.33" SSectionAreaL="94.39" SSectionAreaTotal="109.73" SUnitLengthMass="380.2" S序号="3" />
                    <KNode ITag="50555" GGuid="569CDDE45AC14FA6B6B3F03231B4CB90" SDCResistor="0.1543" SExternalDiameter="18.9" SLineCoefficient="19.6" SLineDiameterG="2.1" SLineDiameterL="3.15" SLineNumberG="7" SLineNumberL="24" SModelSpecification="JL/G1A-185/25" SModulusElasticity="73" SRatedBreakingForce="59230" SSectionAreaG="24.25" SSectionAreaL="187.03" SSectionAreaTotal="211.28" SUnitLengthMass="704.9" S序号="4" />
                </KNode>
                <KNode ITag="50554" GGuid="9F3921ABBB3B45128960F73AE18E66A3" SName="钢芯铝合金绞线" SType="钢芯铝合金绞线" S标记="1">
                    <KNode ITag="50555" GGuid="834CA0B90B70414EBBF28C1D4358A19E" SDCResistor="0.112" SExternalDiameter="24.3" SLineCoefficient="18.9" SLineDiameterG="2.98" SLineDiameterLHJ="3.83" SLineNumberG="7" SLineNumberLHJ="26" SModelSpecification="JLHA1/G1A-300/50" SModulusElasticity="76" SRatedBreakingForce="150010" SSectionAreaG="48.82" SSectionAreaLHJ="299.54" SSectionAreaTotal="348.37" SUnitLengthMass="1207.7" S序号="1" />
                    <KNode ITag="50555" GGuid="4B7EE0DC739444FC9F9394ED7270D7DD" SDCResistor="0.1109" SExternalDiameter="24.3" SLineCoefficient="18.9" SLineDiameterG="2.98" SLineDiameterLHJ="3.83" SLineNumberG="7" SLineNumberLHJ="26" SModelSpecification="JLHA2/G1A-300/50" SModulusElasticity="76" SRatedBreakingForce="144020" SSectionAreaG="48.82" SSectionAreaLHJ="299.54" SSectionAreaTotal="348.37" SUnitLengthMass="1207.7" S序号="2" />
                    <KNode ITag="50555" GGuid="1249529FD55047FE9C2B14F44B6941A8" SDCResistor="0.0841" SExternalDiameter="27.67" SLineCoefficient="19.3" SLineDiameterG="3.07" SLineDiameterLHJ="3.07" SLineNumberG="7" SLineNumberLHJ="54" SModelSpecification="JLHA1/G1A-400/50" SModulusElasticity="69" SRatedBreakingForce="186910" SSectionAreaG="51.82" SSectionAreaLHJ="399.72" SSectionAreaTotal="451.54" SUnitLengthMass="1509.3" S序号="3" />
                </KNode>
                <KNode ITag="50554" GGuid="54CFDC16694A4DFA99EC150CB1EC57D8" SName="铝包钢芯铝绞线" SType="铝包钢芯铝绞线" S标记="2">
                    <KNode ITag="50555" GGuid="399DB7AD4FF9414AA6F45F01195F1DD0" SDCResistor="0.1508" SExternalDiameter="18.88" SLineCoefficient="20.1" SLineDiameterL="2.98" SLineDiameterLBG="2.32" SLineNumberL="26" SLineNumberLBG="7" SModelSpecification="JL/LB1A-185/30" SModulusElasticity="71" SRatedBreakingForce="66340" SSectionAreaL="181.34" SSectionAreaLBG="29.59" SSectionAreaTotal="210.93" SUnitLengthMass="696.5" S序号="1" />
                    <KNode ITag="50555" GGuid="A5D34FA8C2144635AE607397D1D68220" SDCResistor="0.1131" SExternalDiameter="21.6" SLineCoefficient="20.6" SLineDiameterL="3.6" SLineDiameterLBG="2.4" SLineNumberL="24" SLineNumberLBG="7" SModelSpecification="JL/LB1A-240/30" SModulusElasticity="69" SRatedBreakingForce="77090" SSectionAreaL="244.29" SSectionAreaLBG="31.67" SSectionAreaTotal="275.96" SUnitLengthMass="883.7" S序号="2" />
                    <KNode ITag="50555" GGuid="2BCEB6ADAA724C75B9AA0A32D337AED9" SDCResistor="0.1145" SExternalDiameter="21.66" SLineCoefficient="19.76" SLineDiameterL="3.42" SLineDiameterLBG="2.66" SLineNumberL="26" SLineNumberLBG="7" SModelSpecification="JL/LB1A-240/40" SModulusElasticity="69.99" SRatedBreakingForce="86090" SSectionAreaL="238.84" SSectionAreaLBG="38.9" SSectionAreaTotal="277.74" SUnitLengthMass="916.9" S序号="3" />
                </KNode>
                <KNode ITag="50554" GGuid="3CB2E951C7F645DDA6E258A7D4C8111A" SName="钢芯耐热铝合金绞线" SType="钢芯耐热铝合金绞线" S标记="3">
                    <KNode ITag="50555" GGuid="8F6FDABB8E94454A915F8AEE973A3518" SDCResistor="0.1618" SExternalDiameter="18.9" SLineCoefficient="18.9" SLineDiameterG="2.32" SLineDiameterLHJ="2.98" SLineNumberG="7" SLineNumberLHJ="26" SModelSpecification="NRLH60G1A -185/30" SModulusElasticity="76" SRatedBreakingForce="62140" SSectionAreaG="29.59" SSectionAreaLHJ="181.34" SSectionAreaTotal="210.93" SUnitLengthMass="733" S序号="1" />
                    <KNode ITag="50555" GGuid="BDDDE90EAF104162BD1B98B607F86A62" SDCResistor="0.1201" SExternalDiameter="21.6" SLineCoefficient="19.6" SLineDiameterG="2.4" SLineDiameterLHJ="3.6" SLineNumberG="7" SLineNumberLHJ="24" SModelSpecification="NRLH60G1A -240/30" SModulusElasticity="73" SRatedBreakingForce="73170" SSectionAreaG="31.67" SSectionAreaLHJ="244.29" SSectionAreaTotal="275.96" SUnitLengthMass="922" S序号="2" />
                    <KNode ITag="50555" GGuid="CA1E298848BA4D4E90AC842CF65D147F" SDCResistor="0.09775" SExternalDiameter="23.94" SLineCoefficient="19.4" SLineDiameterG="2.66" SLineDiameterLHJ="2.99" SLineNumberG="7" SLineNumberLHJ="24" SModelSpecification="NRLH60G1A -300/40" SModulusElasticity="70.5" SRatedBreakingForce="92100" SSectionAreaG="38.9" SSectionAreaLHJ="300.09" SSectionAreaTotal="338.99" SUnitLengthMass="1131.8" S序号="3" />
                    <KNode ITag="50555" GGuid="70EB1A8EC1534C0EAC7261A5767E94B8" SDCResistor="0.0751" SExternalDiameter="26.82" SLineCoefficient="20.5" SLineDiameterG="2.5" SLineDiameterLHJ="3.22" SLineNumberG="7" SLineNumberLHJ="48" SModelSpecification="NRLH60G1A -400/35" SModulusElasticity="65" SRatedBreakingForce="98510" SSectionAreaG="34.36" SSectionAreaLHJ="390.88" SSectionAreaTotal="425.24" SUnitLengthMass="1349" S序号="4" />
                </KNode>
            </KNode>
            <KNode ITag="50553" GGuid="9F051D2A146349DD84958C8DA315A60E" SName="地线" SType="地线">
                <KNode ITag="50554" GGuid="B12CEB23280444E5B04E2D472D341DF5" SName="铝包钢绞线" SType="铝包钢绞线" S标记="6">
                    <KNode ITag="50555" GGuid="A597F9C1DEC34890BE8170F11791DCBF" SExternalDiameter="13" SLineCoefficient="13" SLineDiameter="2.6" SLineNumber="19" SModelSpecification="JLB20A-100" SModulusElasticity="147.2" SRatedBreakingForce="121660" SSectionAreaG="75.66" SSectionAreaL="25.22" SSectionAreaTotal="100.88" SUnitLengthMass="674.1" S序号="1" />
                    <KNode ITag="50555" GGuid="1189E6F756EC4B72A2F9ABF0DCD553CB" SExternalDiameter="13" SLineCoefficient="15.5" SLineDiameter="2.6" SLineNumber="19" SModelSpecification="JLB40-100" SModulusElasticity="103.6" SRatedBreakingForce="61740" SSectionAreaG="38.33" SSectionAreaL="62.55" SSectionAreaTotal="100.88" SUnitLengthMass="474.6" S序号="2" />
                    <KNode ITag="50555" GGuid="796502A3D1384A61AC113EDA1E44417D" SExternalDiameter="14.25" SLineCoefficient="13" SLineDiameter="2.85" SLineNumber="19" SModelSpecification="JLB20A-120" SModulusElasticity="147.2" SRatedBreakingForce="146180" SSectionAreaG="90.91" SSectionAreaL="30.3" SSectionAreaTotal="121.21" SUnitLengthMass="810" S序号="3" />
                    <KNode ITag="50555" GGuid="B63FFAFE299041638B220BB13D1C340D" SExternalDiameter="14.25" SLineCoefficient="15.5" SLineDiameter="2.85" SLineNumber="19" SModelSpecification="JLB40-120" SModulusElasticity="103.6" SRatedBreakingForce="74180" SSectionAreaG="46.06" SSectionAreaL="75.15" SSectionAreaTotal="121.21" SUnitLengthMass="570.3" S序号="4" />
                    <KNode ITag="50555" GGuid="145833C710EC42809F7208E26E55CDE9" SExternalDiameter="15.75" SLineCoefficient="13" SLineDiameter="3.15" SLineNumber="19" SModelSpecification="JLB20A-150" SModulusElasticity="147.2" SRatedBreakingForce="178570" SSectionAreaG="111.05" SSectionAreaL="37.02" SSectionAreaTotal="148.07" SUnitLengthMass="989.4" S序号="5" />
                </KNode>
                <KNode ITag="50554" GGuid="3FA7B4434BBC4ABB89813640A4642D6D" SName="镀锌钢绞线" SType="镀锌钢绞线" S标记="7">
                    <KNode ITag="50555" GGuid="1E83A3AABE7F440E8D9AD4FA88476037" SExternalDiameter="11.4" SLineCoefficient="115" SLineDiameter="3.8" SLineNumber="7" SModelSpecification="1×7-11.4-1270-B(GJ-80)" SModulusElasticity="185" SRatedBreakingForce="/" SSectionAreaG="79.39" SSectionAreaL="/" SSectionAreaTotal="79.39" SUnitLengthMass="63.04" S序号="1" />
                    <KNode ITag="50555" GGuid="6E6C9DAB5BFD4348AAC04E6B51367107" SExternalDiameter="13" SLineCoefficient="11.5" SLineDiameter="2.6" SLineNumber="19" SModelSpecification="1×19-13.0-1270-A(GJ-100)" SModulusElasticity="185" SRatedBreakingForce="/" SSectionAreaG="100.88" SSectionAreaL="/" SSectionAreaTotal="100.88" SUnitLengthMass="83.98" S序号="2" />
                    <KNode ITag="50555" GGuid="13CF352738594E55A6DB23DB4828EEE4" SExternalDiameter="14.5" SLineCoefficient="11.5" SLineDiameter="2.9" SLineNumber="19" SModelSpecification="GJ-120" SModulusElasticity="185" SRatedBreakingForce="/" SSectionAreaG="125.5" SSectionAreaL="/" SSectionAreaTotal="125.5" SUnitLengthMass="99.9" S序号="3" />
                </KNode>
                <KNode ITag="50554" GGuid="9798C4196EA2424D9B3215340DE5CF6B" SName="OPGW" SType="OPGW" S标记="8">
                    <KNode ITag="50555" GGuid="178F330E1DB84E14B9BBED0B32732499" SDCResistor="1.578" SLineCoefficient="13" SLineDiameter="10.2" SModelSpecification="OPGW-50-36-1-1" SModulusElasticity="162" SOpticalFiberNumber="36B1" SRatedBreakingForce="64000" SSectionAreaTotal="54.48" SUnitLengthMass="394" S序号="1" S选择="0" />
                    <KNode ITag="50555" GGuid="E3BDC0B83C694EAA8B869D89D4AFC1B0" SDCResistor="1.189" SLineCoefficient="13.4" SLineDiameter="10.2" SModelSpecification="OPGW-50-36-1-2" SModulusElasticity="140" SOpticalFiberNumber="36B1" SRatedBreakingForce="53000" SSectionAreaTotal="54.48" SUnitLengthMass="356" S序号="2" S选择="0" />
                    <KNode ITag="50555" GGuid="948861D8D052485E8E6F179308AEE61F" SDCResistor="1.07" SLineCoefficient="13.8" SLineDiameter="10.2" SModelSpecification="OPGW-50-36-1-3" SModulusElasticity="132.2" SOpticalFiberNumber="36B1" SRatedBreakingForce="43000" SSectionAreaTotal="54.48" SUnitLengthMass="340" S序号="3" S选择="0" />
                    <KNode ITag="50555" GGuid="EE9D1288CF6241AEA0AD67D5AF08DCA6" SDCResistor="0.802" SLineCoefficient="15.5" SLineDiameter="10.2" SModelSpecification="OPGW-50-36-1-4" SModulusElasticity="109" SOpticalFiberNumber="36B1" SRatedBreakingForce="33000" SSectionAreaTotal="54.48" SUnitLengthMass="286" S序号="4" S选择="0" />
                    <KNode ITag="50555" GGuid="2D7885283CBD4791B0F79B5800167F15" SDCResistor="1.085" SLineCoefficient="13" SLineDiameter="12.3" SModelSpecification="OPGW-80-48-1-1" SModulusElasticity="162" SOpticalFiberNumber="48B1" SRatedBreakingForce="86000" SSectionAreaTotal="79.22" SUnitLengthMass="569" S序号="5" S选择="0" />
                    <KNode ITag="50555" GGuid="CC150133A720473DBE19D0003F83D684" SDCResistor="0.817" SLineCoefficient="13.4" SLineDiameter="12.3" SModelSpecification="OPGW-80-48-1-2" SModulusElasticity="140" SOpticalFiberNumber="48B1" SRatedBreakingForce="77000" SSectionAreaTotal="79.22" SUnitLengthMass="515" S序号="6" S选择="0" />
                    <KNode ITag="50555" GGuid="48FFD785B7534FB8A1FD9BE577D4CB6D" SDCResistor="0.736" SLineCoefficient="13.8" SLineDiameter="12.3" SModelSpecification="OPGW-80-48-1-3" SModulusElasticity="132.2" SOpticalFiberNumber="48B1" SRatedBreakingForce="63000" SSectionAreaTotal="79.22" SUnitLengthMass="491" S序号="7" S选择="0" />
                    <KNode ITag="50555" GGuid="5A6D71B7FD2C40D4ADE189F6C845180F" SDCResistor="0.552" SLineCoefficient="15.5" SLineDiameter="12.3" SModelSpecification="OPGW-80-48-1-4" SModulusElasticity="109" SOpticalFiberNumber="48B1" SRatedBreakingForce="48000" SSectionAreaTotal="79.22" SUnitLengthMass="413" S序号="8" S选择="0" />
                    <KNode ITag="50555" GGuid="18BE863A12184B5C9393C6C43FB5D219" SDCResistor="0.882" SLineCoefficient="13" SLineDiameter="13.2" SModelSpecification="OPGW-100-24-1-1" SModulusElasticity="162" SOpticalFiberNumber="24B1" SRatedBreakingForce="118000" SSectionAreaTotal="97.83" SUnitLengthMass="676" S序号="9" S选择="0" />
                    <KNode ITag="50555" GGuid="48923CE9042440C39FEE1D06E0A358AD" SDCResistor="0.713" SLineCoefficient="13.3" SLineDiameter="13.2" SModelSpecification="OPGW-100-24-1-2" SModulusElasticity="144.9" SOpticalFiberNumber="24B1" SRatedBreakingForce="101000" SSectionAreaTotal="97.83" SUnitLengthMass="627" S序号="10" S选择="0" />
                    <KNode ITag="50555" GGuid="D8A9690EE5944448967DD26D5DCE28BD" SDCResistor="0.657" SLineCoefficient="13.6" SLineDiameter="13.2" SModelSpecification="OPGW-100-24-1-3" SModulusElasticity="138.7" SOpticalFiberNumber="24B1" SRatedBreakingForce="89000" SSectionAreaTotal="97.83" SUnitLengthMass="606" S序号="11" S选择="0" />
                    <KNode ITag="50555" GGuid="5B470220B62F4DF585969A3ADB942692" SDCResistor="0.52" SLineCoefficient="14.8" SLineDiameter="13.2" SModelSpecification="OPGW-100-24-1-4" SModulusElasticity="120.8" SOpticalFiberNumber="24B1" SRatedBreakingForce="76000" SSectionAreaTotal="97.83" SUnitLengthMass="536" S序号="12" S选择="0" />
                    <KNode ITag="50555" GGuid="9C66D01C55A74F8BB5204A3E8832A1A7" SDCResistor="0.891" SLineCoefficient="13" SLineDiameter="13.5" SModelSpecification="OPGW-100-48-2-1" SModulusElasticity="162" SOpticalFiberNumber="48B1" SRatedBreakingForce="118800" SSectionAreaTotal="97.44" SUnitLengthMass="701" S序号="13" S选择="0" />
                    <KNode ITag="50555" GGuid="6AF158639673481D9F11E3EC8710D356" SDCResistor="0.712" SLineCoefficient="13.3" SLineDiameter="13.5" SModelSpecification="OPGW-100-48-2-2" SModulusElasticity="145.2" SOpticalFiberNumber="48B1" SRatedBreakingForce="101000" SSectionAreaTotal="97.44" SUnitLengthMass="648" S序号="14" S选择="0" />
                    <KNode ITag="50555" GGuid="1C843F162F8849F594BD62B7CAA3E459" SDCResistor="0.654" SLineCoefficient="13.6" SLineDiameter="13.5" SModelSpecification="OPGW-100-48-2-3" SModulusElasticity="139.2" SOpticalFiberNumber="48B1" SRatedBreakingForce="87900" SSectionAreaTotal="97.44" SUnitLengthMass="625" S序号="15" S选择="0" />
                    <KNode ITag="50555" GGuid="F3AF37F12DC54A2E977AA3ED0F3C17E6" SDCResistor="0.513" SLineCoefficient="14.7" SLineDiameter="13.5" SModelSpecification="OPGW-100-48-2-4" SModulusElasticity="121.4" SOpticalFiberNumber="48B1" SRatedBreakingForce="74000" SSectionAreaTotal="97.44" SUnitLengthMass="550" S序号="16" S选择="0" />
                    <KNode ITag="50555" GGuid="AECB2FE16AEC468BAB0822ED5D835973" SDCResistor="0.673" SLineCoefficient="13" SLineDiameter="15.2" SModelSpecification="OPGW-120-36-1-1" SModulusElasticity="162" SOpticalFiberNumber="36B1" SRatedBreakingForce="155000" SSectionAreaTotal="128.21" SUnitLengthMass="890" S序号="17" S选择="0" />
                    <KNode ITag="50555" GGuid="35AD7EB56D99454891E2B9944B98DA30" SDCResistor="0.507" SLineCoefficient="13.4" SLineDiameter="15.2" SModelSpecification="OPGW-120-36-1-2" SModulusElasticity="140" SOpticalFiberNumber="36B1" SRatedBreakingForce="125000" SSectionAreaTotal="128.21" SUnitLengthMass="801" S序号="18" S选择="0" />
                    <KNode ITag="50555" GGuid="48F269416806405B9D5AF541122C59E7" SDCResistor="0.456" SLineCoefficient="13.8" SLineDiameter="15.2" SModelSpecification="OPGW-120-36-1-3" SModulusElasticity="132.2" SOpticalFiberNumber="36B1" SRatedBreakingForce="102000" SSectionAreaTotal="128.21" SUnitLengthMass="762" S序号="19" S选择="0" />
                    <KNode ITag="50555" GGuid="2CF2E49882EB4EDDADC146B3452BE9B2" SDCResistor="0.342" SLineCoefficient="15.5" SLineDiameter="15.2" SModelSpecification="OPGW-120-36-1-4" SModulusElasticity="109" SOpticalFiberNumber="36B1" SRatedBreakingForce="78000" SSectionAreaTotal="128.21" SUnitLengthMass="636" S序号="20" S选择="0" />
                    <KNode ITag="50555" GGuid="747682D557A543A0B2C344FE8124F2AD" SDCResistor="0.712" SLineCoefficient="13" SLineDiameter="15.2" SModelSpecification="OPGW-120-72-2-1" SModulusElasticity="162" SOpticalFiberNumber="72B1" SRatedBreakingForce="146000" SSectionAreaTotal="121.14" SUnitLengthMass="861" S序号="21" S选择="0" />
                    <KNode ITag="50555" GGuid="6FD1BBD0312A40CBACF6C6422777F78F" SDCResistor="0.536" SLineCoefficient="13.4" SLineDiameter="15.2" SModelSpecification="OPGW-120-72-2-2" SModulusElasticity="140" SOpticalFiberNumber="72B1" SRatedBreakingForce="118000" SSectionAreaTotal="121.14" SUnitLengthMass="777" S序号="22" S选择="0" />
                    <KNode ITag="50555" GGuid="459AFA1BCAB147158DA096CB6D15ABE9" SDCResistor="0.483" SLineCoefficient="13.8" SLineDiameter="15.2" SModelSpecification="OPGW-120-72-2-3" SModulusElasticity="132.2" SOpticalFiberNumber="72B1" SRatedBreakingForce="96000" SSectionAreaTotal="121.14" SUnitLengthMass="740" S序号="23" S选择="0" />
                    <KNode ITag="50555" GGuid="F2A5EF0FC14F4DDA867AACBABB9DDEE2" SDCResistor="0.362" SLineCoefficient="15.5" SLineDiameter="15.2" SModelSpecification="OPGW-120-72-2-4" SModulusElasticity="109" SOpticalFiberNumber="72B1" SRatedBreakingForce="74000" SSectionAreaTotal="121.14" SUnitLengthMass="620" S序号="24" S选择="0" />
                    <KNode ITag="50555" GGuid="3BFAC7FE517F4DF8A342805A6EAE263D" SDCResistor="0.558" SLineCoefficient="13" SLineDiameter="16.6" SModelSpecification="OPGW-150-48-1-1" SModulusElasticity="162" SOpticalFiberNumber="48B1" SRatedBreakingForce="182000" SSectionAreaTotal="154.48" SUnitLengthMass="1069" S序号="25" S选择="0" />
                    <KNode ITag="50555" GGuid="7D50930DCC93480A84EEB86EDCCA9A4D" SDCResistor="0.42" SLineCoefficient="13.4" SLineDiameter="16.6" SModelSpecification="OPGW-150-48-1-2" SModulusElasticity="140" SOpticalFiberNumber="48B1" SRatedBreakingForce="150000" SSectionAreaTotal="154.48" SUnitLengthMass="962" S序号="26" S选择="0" />
                    <KNode ITag="50555" GGuid="BD004571884745CA8FCB1C545A13545D" SDCResistor="0.378" SLineCoefficient="13.8" SLineDiameter="16.6" SModelSpecification="OPGW-150-48-1-3" SModulusElasticity="132.2" SOpticalFiberNumber="48B1" SRatedBreakingForce="122000" SSectionAreaTotal="154.48" SUnitLengthMass="915" S序号="27" S选择="0" />
                    <KNode ITag="50555" GGuid="76147D023B6B4C67B448209A03B00CDC" SDCResistor="0.284" SLineCoefficient="15.5" SLineDiameter="16.6" SModelSpecification="OPGW-150-48-1-4" SModulusElasticity="109" SOpticalFiberNumber="48B1" SRatedBreakingForce="95000" SSectionAreaTotal="154.48" SUnitLengthMass="763" S序号="28" S选择="0" />
                    <KNode ITag="50555" GGuid="7AD7F9C7A030441DAC57DC74510F1772" SDCResistor="0.591" SLineCoefficient="13" SLineDiameter="16.6" SModelSpecification="OPGW-150-96-2-1" SModulusElasticity="162" SOpticalFiberNumber="96B1" SRatedBreakingForce="172000" SSectionAreaTotal="145.93" SUnitLengthMass="1038" S序号="29" S选择="0" />
                    <KNode ITag="50555" GGuid="7A6C6F495D164F0A978C9A8941016C18" SDCResistor="0.445" SLineCoefficient="13.4" SLineDiameter="16.6" SModelSpecification="OPGW-150-96-2-2" SModulusElasticity="140" SOpticalFiberNumber="96B1" SRatedBreakingForce="142000" SSectionAreaTotal="145.93" SUnitLengthMass="937" S序号="30" S选择="0" />
                    <KNode ITag="50555" GGuid="EC0CEBDA5F4A4189B557C019A25F05AD" SDCResistor="0.401" SLineCoefficient="13.8" SLineDiameter="16.6" SModelSpecification="OPGW-150-96-2-3" SModulusElasticity="132.2" SOpticalFiberNumber="96B1" SRatedBreakingForce="116000" SSectionAreaTotal="145.93" SUnitLengthMass="893" S序号="31" S选择="0" />
                    <KNode ITag="50555" GGuid="CBAF1AAB062A477C9C4B7DEAC874EE5D" SDCResistor="0.3" SLineCoefficient="15.5" SLineDiameter="16.6" SModelSpecification="OPGW-150-96-2-4" SModulusElasticity="109" SOpticalFiberNumber="96B1" SRatedBreakingForce="89000" SSectionAreaTotal="145.93" SUnitLengthMass="749" S序号="32" S选择="0" />
                    <KNode ITag="50555" GGuid="AF57BF0994C444E2BC7F0649C44F66CF" SDCResistor="0.468" SLineCoefficient="13" SLineDiameter="18.2" SModelSpecification="OPGW-180-48-1-1" SModulusElasticity="162" SOpticalFiberNumber="48B1" SRatedBreakingForce="211000" SSectionAreaTotal="184.38" SUnitLengthMass="1279" S序号="33" S选择="0" />
                    <KNode ITag="50555" GGuid="A18D158964C749B1A4F6CA2619292637" SDCResistor="0.317" SLineCoefficient="13.8" SLineDiameter="18.2" SModelSpecification="OPGW-180-48-1-3" SModulusElasticity="132.2" SOpticalFiberNumber="48B1" SRatedBreakingForce="146000" SSectionAreaTotal="184.38" SUnitLengthMass="1096" S序号="34" S选择="0" />
                    <KNode ITag="50555" GGuid="4340B8F9273346B28009728E7CC55728" SDCResistor="0.238" SLineCoefficient="15.5" SLineDiameter="18.2" SModelSpecification="OPGW-180-48-1-4" SModulusElasticity="109" SOpticalFiberNumber="48B1" SRatedBreakingForce="113000" SSectionAreaTotal="184.38" SUnitLengthMass="914" S序号="35" S选择="0" />
                    <KNode ITag="50555" GGuid="BABD4019B2D0409195F719B6F7815CFA" SDCResistor="0.47" SLineCoefficient="13" SLineDiameter="18.6" SModelSpecification="OPGW-180-96-2-1" SModulusElasticity="162" SOpticalFiberNumber="96B1" SRatedBreakingForce="206000" SSectionAreaTotal="183.37" SUnitLengthMass="1300" S序号="36" S选择="0" />
                    <KNode ITag="50555" GGuid="2F3C187D34E54E859A7966F9B7506C28" SDCResistor="0.319" SLineCoefficient="13.8" SLineDiameter="18.6" SModelSpecification="OPGW-180-96-2-3" SModulusElasticity="132.2" SOpticalFiberNumber="96B1" SRatedBreakingForce="145000" SSectionAreaTotal="183.37" SUnitLengthMass="1117" S序号="37" S选择="0" />
                    <KNode ITag="50555" GGuid="52BD8DBB97A040B5B215AA3BC0F72C9D" SDCResistor="0.239" SLineCoefficient="15.5" SLineDiameter="18.6" SModelSpecification="OPGW-180-96-2-4" SModulusElasticity="109" SOpticalFiberNumber="96B1" SRatedBreakingForce="112000" SSectionAreaTotal="183.37" SUnitLengthMass="936" S序号="38" S选择="0" />
                    <KNode ITag="50555" GGuid="06E2407DA19D439DA7F6761406D6254D" SDCResistor="2.06" SLineCoefficient="12.9" SLineDiameter="8.4" SModelSpecification="OPGW-37-24-1-1" SModulusElasticity="149" SOpticalFiberNumber="24B1" SRatedBreakingForce="40500" SSectionAreaTotal="36.95" SUnitLengthMass="260" S序号="39" S选择="0" />
                    <KNode ITag="50555" GGuid="B3F33F3C5EF24C7888EDE867F003EC6F" SDCResistor="1.76" SLineCoefficient="13.4" SLineDiameter="8.4" SModelSpecification="OPGW-37-24-1-2" SModulusElasticity="140" SOpticalFiberNumber="24B1" SRatedBreakingForce="35000" SSectionAreaTotal="36.95" SUnitLengthMass="250" S序号="40" S选择="0" />
                    <KNode ITag="50555" GGuid="2393F68FEE6B48B8B6634900E77BA4AB" SDCResistor="1.55" SLineCoefficient="13.4" SLineDiameter="9" SModelSpecification="OPGW-40-24-1-2" SModulusElasticity="140" SOpticalFiberNumber="24B1" SRatedBreakingForce="41000" SSectionAreaTotal="42.41" SUnitLengthMass="280" S序号="41" S选择="0" />
                </KNode>
            </KNode>
        </KNode>
        <KNode ITag="50552" GGuid="DAB1B83313AE4381B3555958D228D23C" SName="线标" SType="线标">
            <KNode ITag="50553" GGuid="82F157509652427DB81E8070D701F92E" SName="导线" SType="导线">
                <KNode ITag="50554" GGuid="5894FB32E22E4655B44095B0006295A8" SName="钢芯铝绞线" SType="钢芯铝绞线" S标记="0">
                    <KNode ITag="50555" GGuid="369A32108BE54FFAA901EB8BB00AD68E" SDCResistor="0.0739" SExternalDiameter="26.8" SLineCoefficient="20.3" SLineDiameterG="2.5" SLineDiameterL="3.22" SLineNumberG="7" SLineNumberL="48" SModelSpecification="JL/G1A-400/35" SModulusElasticity="65.9" SRatedBreakingForce="103700" SSectionAreaG="34.4" SSectionAreaL="391" SSectionAreaTotal="425" SUnitLengthMass="1348.6" S序号="1" />
                    <KNode ITag="50555" GGuid="082BDF7E6C5A4050B31744C356D53D53" SDCResistor="0.0739" SExternalDiameter="26.8" SLineCoefficient="20.3" SLineDiameterG="2.5" SLineDiameterL="3.22" SLineNumberG="7" SLineNumberL="48" SModelSpecification="JL/G2A-400/35" SModulusElasticity="65.9" SRatedBreakingForce="108500" SSectionAreaG="34.4" SSectionAreaL="391" SSectionAreaTotal="425" SUnitLengthMass="1348.6" S序号="2" />
                    <KNode ITag="50555" GGuid="F614C391C0DA4811B3A5CA0859E3B04C" SDCResistor="0.0739" SExternalDiameter="26.8" SLineCoefficient="20.3" SLineDiameterG="2.5" SLineDiameterL="3.22" SLineNumberG="7" SLineNumberL="48" SModelSpecification="JL/G3A-400/35" SModulusElasticity="65.9" SRatedBreakingForce="112900" SSectionAreaG="34.4" SSectionAreaL="391" SSectionAreaTotal="425" SUnitLengthMass="1348.6" S序号="3" />
                    <KNode ITag="50555" GGuid="E94931B6478C428CB033E466A08CE9A7" SDCResistor="0.0733" SExternalDiameter="26.8" SLineCoefficient="20.3" SLineDiameterG="2.5" SLineDiameterL="3.22" SLineNumberG="7" SLineNumberL="48" SModelSpecification="JL1/G1A-400/35" SModulusElasticity="65.9" SRatedBreakingForce="103700" SSectionAreaG="34.4" SSectionAreaL="391" SSectionAreaTotal="425" SUnitLengthMass="1348.6" S序号="4" />
                    <KNode ITag="50555" GGuid="C7BD2D7DDB7445BF9BD6FC3E6AB60F4D" SDCResistor="0.0733" SExternalDiameter="26.8" SLineCoefficient="20.3" SLineDiameterG="2.5" SLineDiameterL="3.22" SLineNumberG="7" SLineNumberL="48" SModelSpecification="JL1/G2A-400/35" SModulusElasticity="65.9" SRatedBreakingForce="108500" SSectionAreaG="34.4" SSectionAreaL="391" SSectionAreaTotal="425" SUnitLengthMass="1348.6" S序号="5" />
                    <KNode ITag="50555" GGuid="7C0617A420ED429DB06B1BDD9EE86622" SDCResistor="0.0733" SExternalDiameter="26.8" SLineCoefficient="20.3" SLineDiameterG="2.5" SLineDiameterL="3.22" SLineNumberG="7" SLineNumberL="48" SModelSpecification="JL1/G3A-400/35" SModulusElasticity="65.9" SRatedBreakingForce="112900" SSectionAreaG="34.4" SSectionAreaL="391" SSectionAreaTotal="425" SUnitLengthMass="1348.6" S序号="6" />
                    <KNode ITag="50555" GGuid="4011FABF977F45E6B4C9D06A8E627E41" SDCResistor="0.0727" SExternalDiameter="26.8" SLineCoefficient="20.3" SLineDiameterG="2.5" SLineDiameterL="3.22" SLineNumberG="7" SLineNumberL="48" SModelSpecification="JL2/G1A-400/35" SModulusElasticity="65.9" SRatedBreakingForce="103700" SSectionAreaG="34.4" SSectionAreaL="391" SSectionAreaTotal="425" SUnitLengthMass="1348.6" S序号="7" />
                    <KNode ITag="50555" GGuid="97E98B53A36645279B97A177FA2C98DA" SDCResistor="0.0727" SExternalDiameter="26.8" SLineCoefficient="20.3" SLineDiameterG="2.5" SLineDiameterL="3.22" SLineNumberG="7" SLineNumberL="48" SModelSpecification="JL2/G2A-400/35" SModulusElasticity="65.9" SRatedBreakingForce="108500" SSectionAreaG="34.4" SSectionAreaL="391" SSectionAreaTotal="425" SUnitLengthMass="1348.6" S序号="8" />
                    <KNode ITag="50555" GGuid="93C32EB68CD3487192D91B7547ACF94A" SDCResistor="0.0727" SExternalDiameter="26.8" SLineCoefficient="20.3" SLineDiameterG="2.5" SLineDiameterL="3.22" SLineNumberG="7" SLineNumberL="48" SModelSpecification="JL2/G3A-400/35" SModulusElasticity="65.9" SRatedBreakingForce="112900" SSectionAreaG="34.4" SSectionAreaL="391" SSectionAreaTotal="425" SUnitLengthMass="1348.6" S序号="9" />
                    <KNode ITag="50555" GGuid="934AF3BE94C94259B9597DC23193CF7C" SDCResistor="0.0721" SExternalDiameter="26.8" SLineCoefficient="20.3" SLineDiameterG="2.5" SLineDiameterL="3.22" SLineNumberG="7" SLineNumberL="48" SModelSpecification="JL3/G1A-400/35" SModulusElasticity="65.9" SRatedBreakingForce="103700" SSectionAreaG="34.4" SSectionAreaL="391" SSectionAreaTotal="425" SUnitLengthMass="1348.6" S序号="10" />
                    <KNode ITag="50555" GGuid="653C656912E6479CBB0F2DABB50AAAB5" SDCResistor="0.0721" SExternalDiameter="26.8" SLineCoefficient="20.3" SLineDiameterG="2.5" SLineDiameterL="3.22" SLineNumberG="7" SLineNumberL="48" SModelSpecification="JL3/G2A-400/35" SModulusElasticity="65.9" SRatedBreakingForce="108500" SSectionAreaG="34.4" SSectionAreaL="391" SSectionAreaTotal="425" SUnitLengthMass="1348.6" S序号="11" />
                    <KNode ITag="50555" GGuid="600A18C4AB3748E2ABC722F914E0C305" SDCResistor="0.0721" SExternalDiameter="26.8" SLineCoefficient="20.3" SLineDiameterG="2.5" SLineDiameterL="3.22" SLineNumberG="7" SLineNumberL="48" SModelSpecification="JL3/G3A-400/35" SModulusElasticity="65.9" SRatedBreakingForce="112900" SSectionAreaG="34.4" SSectionAreaL="391" SSectionAreaTotal="425" SUnitLengthMass="1348.6" S序号="12" />
                </KNode>
                <KNode ITag="50554" GGuid="707886691EF546E996F7BF3474DC7782" SName="钢芯铝合金绞线" SType="钢芯铝合金绞线" S标记="1">
                    <KNode ITag="50555" GGuid="B767BDA43C21479999040566548F25E8" SDCResistor="0.0859" SExternalDiameter="26.8" SLineCoefficient="20.3" SLineDiameterG="2.5" SLineDiameterLHJ="3.22" SLineNumberG="7" SLineNumberLHJ="48" SModelSpecification="JLHA1/G1A-400/35" SModulusElasticity="65.9" SRatedBreakingForce="166200" SSectionAreaG="34.4" SSectionAreaLHJ="391" SSectionAreaTotal="425" SUnitLengthMass="1348.7" S序号="1" />
                    <KNode ITag="50555" GGuid="9AD80732FEDC40AC8C5841C98727893C" SDCResistor="0.0859" SExternalDiameter="26.8" SLineCoefficient="20.3" SLineDiameterG="2.5" SLineDiameterLHJ="3.22" SLineNumberG="7" SLineNumberLHJ="48" SModelSpecification="JLHA1/G2A-400/35" SModulusElasticity="175.5" SRatedBreakingForce="171000" SSectionAreaG="34.4" SSectionAreaLHJ="391" SSectionAreaTotal="425" SUnitLengthMass="1348.7" S序号="2" />
                    <KNode ITag="50555" GGuid="03A9D7A04AEE401DBCB9F307DD0D3B51" SDCResistor="0.0859" SExternalDiameter="26.8" SLineCoefficient="20.3" SLineDiameterG="2.5" SLineDiameterLHJ="3.22" SLineNumberG="7" SLineNumberLHJ="48" SModelSpecification="JLHA1/G3A-400/35" SModulusElasticity="65.9" SRatedBreakingForce="175500" SSectionAreaG="34.4" SSectionAreaLHJ="391" SSectionAreaTotal="425" SUnitLengthMass="1348.7" S序号="3" />
                    <KNode ITag="50555" GGuid="0EAFB20624294B6C9424DF81EEDB324C" SDCResistor="0.0851" SExternalDiameter="26.8" SLineCoefficient="20.3" SLineDiameterG="2.5" SLineDiameterLHJ="3.22" SLineNumberG="7" SLineNumberLHJ="48" SModelSpecification="JLHA2/G1A-400/35" SModulusElasticity="65.9" SRatedBreakingForce="154500" SSectionAreaG="34.4" SSectionAreaLHJ="391" SSectionAreaTotal="425" SUnitLengthMass="1348.7" S序号="4" />
                    <KNode ITag="50555" GGuid="CB5E65D4CF894C1A914A7DED6E95B47C" SDCResistor="0.0851" SExternalDiameter="26.8" SLineCoefficient="20.3" SLineDiameterG="2.5" SLineDiameterLHJ="3.22" SLineNumberG="7" SLineNumberLHJ="48" SModelSpecification="JLHA2/G2A-400/35" SModulusElasticity="65.9" SRatedBreakingForce="159300" SSectionAreaG="34.4" SSectionAreaLHJ="391" SSectionAreaTotal="425" SUnitLengthMass="1348.7" S序号="5" />
                    <KNode ITag="50555" GGuid="F475D9B8D7244D1584C46BEA6B7A51F7" SDCResistor="0.0851" SExternalDiameter="26.8" SLineCoefficient="20.3" SLineDiameterG="2.5" SLineDiameterLHJ="3.22" SLineNumberG="7" SLineNumberLHJ="48" SModelSpecification="JLHA2/G3A-400/35" SModulusElasticity="65.9" SRatedBreakingForce="163800" SSectionAreaG="34.4" SSectionAreaLHJ="391" SSectionAreaTotal="425" SUnitLengthMass="1348.7" S序号="6" />
                    <KNode ITag="50555" GGuid="A8F29CF7837D4F8FB6AF904F0520B2BB" SDCResistor="0.0771" SExternalDiameter="26.8" SLineCoefficient="20.3" SLineDiameterG="2.5" SLineDiameterLHJ="3.22" SLineNumberG="7" SLineNumberLHJ="48" SModelSpecification="JLHA3/G1A-400/35" SModulusElasticity="65.9" SRatedBreakingForce="133000" SSectionAreaG="34.4" SSectionAreaLHJ="391" SSectionAreaTotal="425" SUnitLengthMass="1348.7" S序号="7" />
                    <KNode ITag="50555" GGuid="37199397681840E0802D7AAA6E781341" SDCResistor="0.0771" SExternalDiameter="26.8" SLineCoefficient="20.3" SLineDiameterG="2.5" SLineDiameterLHJ="3.22" SLineNumberG="7" SLineNumberLHJ="48" SModelSpecification="JLHA3/G2A-400/35" SModulusElasticity="65.9" SRatedBreakingForce="137800" SSectionAreaG="34.4" SSectionAreaLHJ="391" SSectionAreaTotal="425" SUnitLengthMass="1348.7" S序号="8" />
                    <KNode ITag="50555" GGuid="20D9A980923C4EF1B96891202BF0E416" SDCResistor="0.0771" SExternalDiameter="26.8" SLineCoefficient="20.3" SLineDiameterG="2.5" SLineDiameterLHJ="3.22" SLineNumberG="7" SLineNumberLHJ="48" SModelSpecification="JLHA3/G3A-400/35" SModulusElasticity="65.9" SRatedBreakingForce="142300" SSectionAreaG="34.4" SSectionAreaLHJ="391" SSectionAreaTotal="425" SUnitLengthMass="1348.7" S序号="9" />
                    <KNode ITag="50555" GGuid="3A7A33775557405E96768108BDDF66EE" SDCResistor="0.0791" SExternalDiameter="26.8" SLineCoefficient="20.3" SLineDiameterG="2.5" SLineDiameterLHJ="3.22" SLineNumberG="7" SLineNumberLHJ="48" SModelSpecification="JLHA4/G1A-400/35" SModulusElasticity="65.9" SRatedBreakingForce="152500" SSectionAreaG="34.4" SSectionAreaLHJ="391" SSectionAreaTotal="425" SUnitLengthMass="1348.7" S序号="10" />
                    <KNode ITag="50555" GGuid="6DC4EB3E8FC94DB383A94D6ED161B8FF" SDCResistor="0.0791" SExternalDiameter="26.8" SLineCoefficient="20.3" SLineDiameterG="2.5" SLineDiameterLHJ="3.22" SLineNumberG="7" SLineNumberLHJ="48" SModelSpecification="JLHA4/G2A-400/35" SModulusElasticity="65.9" SRatedBreakingForce="157300" SSectionAreaG="34.4" SSectionAreaLHJ="391" SSectionAreaTotal="425" SUnitLengthMass="1348.7" S序号="11" />
                    <KNode ITag="50555" GGuid="00FB941B17274B2EBC71AFBB87F019C7" SDCResistor="0.0791" SExternalDiameter="26.8" SLineCoefficient="20.3" SLineDiameterG="2.5" SLineDiameterLHJ="3.22" SLineNumberG="7" SLineNumberLHJ="48" SModelSpecification="JLHA4/G3A-400/35" SModulusElasticity="65.9" SRatedBreakingForce="161800" SSectionAreaG="34.4" SSectionAreaLHJ="391" SSectionAreaTotal="425" SUnitLengthMass="1348.7" S序号="12" />
                </KNode>
                <KNode ITag="50554" GGuid="17A4C17C30EF467DB1E068EFE9826AAE" SName="铝包钢芯铝绞线" SType="铝包钢芯铝绞线" S标记="2" />
                <KNode ITag="50554" GGuid="5CBDBBC4819347F1AEC05C7164E2A1C3" SName="铝合金芯铝绞线" SType="铝合金芯铝绞线" S标记="4">
                    <KNode ITag="50555" GGuid="2BF5C17456474799A2464449508369C4" SDCResistor="0.0708" SExternalDiameter="27.6" SLineCoefficient="23" SLineDiameterLHJ="3.94" SLineNumberLHJ="19" SModelSpecification="JL/LHA1-210/230" SModulusElasticity="55" SRatedBreakingForce="104400" SSectionAreaLHJ="232" SSectionAreaTotal="451" SUnitLengthMass="1244" S序号="1" />
                    <KNode ITag="50555" GGuid="29A0BF040E0E4B3089F89C8C83692674" SDCResistor="0.0705" SExternalDiameter="27.6" SLineCoefficient="23" SLineDiameterLHJ="3.94" SLineNumberLHJ="19" SModelSpecification="JL1/LHA1-210/230" SModulusElasticity="55" SRatedBreakingForce="104400" SSectionAreaLHJ="232" SSectionAreaTotal="451" SUnitLengthMass="1244" S序号="2" />
                    <KNode ITag="50555" GGuid="C4EE7A26BF1147E9A072FC4B21124E48" SDCResistor="0.0702" SExternalDiameter="27.6" SLineCoefficient="23" SLineDiameterLHJ="3.94" SLineNumberLHJ="19" SModelSpecification="JL2/LHA1-210/230" SModulusElasticity="55" SRatedBreakingForce="104400" SSectionAreaLHJ="232" SSectionAreaTotal="451" SUnitLengthMass="1244" S序号="3" />
                    <KNode ITag="50555" GGuid="C7DDD46EE2DC40CEB49CD2B5DE4B99CA" SDCResistor="0.0699" SExternalDiameter="27.6" SLineCoefficient="23" SLineDiameterLHJ="3.94" SLineNumberLHJ="19" SModelSpecification="JL3/LHA1-210/230" SModulusElasticity="55" SRatedBreakingForce="104400" SSectionAreaLHJ="232" SSectionAreaTotal="451" SUnitLengthMass="1244" S序号="4" />
                </KNode>
            </KNode>
            <KNode ITag="50553" GGuid="57B47AD1E3E748A59EB7A08E640614B6" SName="地线" SType="地线">
                <KNode ITag="50554" GGuid="44A4389CB694406488A7B251BB865C18" SName="铝包钢绞线" SType="铝包钢绞线" S标记="6" />
                <KNode ITag="50554" GGuid="21ABF6DB14C7488DA7885B3097F818FD" SName="镀锌钢绞线" SType="镀锌钢绞线" S标记="7">
                    <KNode ITag="50555" GGuid="113880F0B6F24E4288806AA9706D68F1" SExternalDiameter="13" SLineCoefficient="11.5" SLineDiameter="2.6" SLineNumber="19" SModelSpecification="JG1A-100" SModulusElasticity="190" SRatedBreakingForce="1929.1" SSectionAreaG="101" SSectionAreaL="/" SSectionAreaTotal="101" SUnitLengthMass="797.2" S序号="1" />
                    <KNode ITag="50555" GGuid="F6C400F468E748C495635FF7E91B98AA" SExternalDiameter="14" SLineCoefficient="11.5" SLineDiameter="2" SLineNumber="37" SModelSpecification="JG1A-115" SModulusElasticity="185" SRatedBreakingForce="1678.4" SSectionAreaG="116" SSectionAreaL="/" SSectionAreaTotal="116" SUnitLengthMass="921" S序号="2" />
                    <KNode ITag="50555" GGuid="4BB217F79B444AB1A83B41E8243DED6E" SExternalDiameter="14.5" SLineCoefficient="11.5" SLineDiameter="2.9" SLineNumber="19" SModelSpecification="JG1A-125" SModulusElasticity="190" SRatedBreakingForce="1550.6" SSectionAreaG="125" SSectionAreaL="/" SSectionAreaTotal="125" SUnitLengthMass="991.8" S序号="3" />
                    <KNode ITag="50555" GGuid="5A3C04F8D40C46909758980DAEADC88C" SExternalDiameter="16" SLineCoefficient="11.5" SLineDiameter="3.2" SLineNumber="19" SModelSpecification="JG1A-150" SModulusElasticity="190" SRatedBreakingForce="1273.5" SSectionAreaG="153" SSectionAreaL="/" SSectionAreaTotal="153" SUnitLengthMass="1207.6" S序号="4" />
                </KNode>
            </KNode>
        </KNode>
    </KNode>
</Root>
